MatchedName,MatchedEmails,MatchedAddress,MatchedDoctors,Total_Score,Name,Address,State,Zip,Emails,Doctors,ExternalID,Source,MatchedEntityID,MatchedPracticeName,FileName,UploadedDate
1.0,0.0,1.0,0.0,2.0,brocks gap dental group adult,1015 brocks gap parkway,AL,35244,brocksgapmb2dentalcom,lauten johnson,AL0004,MB2 Dental | 19712,24126,brocks gap dental group,Vendor_-_MB2_Master_Office_List_4-1-2025.xlsx,2025-06-14 19:36:31
1.0,0.0,1.0,0.0,2.0,brocks gap dental group ortho,1015 brocks gap parkway,AL,35244,brocksgapmb2dentalcom,lauten johnson,AL0005,MB2 Dental | 19712,24126,brocks gap dental group,Vendor_-_MB2_Master_Office_List_4-1-2025.xlsx,2025-06-14 19:36:31
1.0,0.0,1.0,0.0,2.0,brocks gap dental group peds,1015 brocks gap parkway,AL,35244,brocksgapmb2dentalcom,lauten johnson,AL0006,MB2 Dental | 19712,24126,brocks gap dental group,Vendor_-_MB2_Master_Office_List_4-1-2025.xlsx,2025-06-14 19:36:31
1.0,0.0,1.0,1.0,3.0,dixon family dental,1700 university blvd 105,AR,72110,dixonfamilydentalmb2dentalcom,zachary dixon,AR0002,MB2 Dental | 19712,21361,dixon family dental,Vendor_-_MB2_Master_Office_List_4-1-2025.xlsx,2025-06-14 19:36:31
1.0,0.0,1.0,0.0,2.0,greenbrier family dental,15 wilson farm rd,AR,72058,greenbrierdentalmb2dentalcom,zachary dixon spencer mobbs,AR0003,MB2 Dental | 19712,24897,greenbrier family dental,Vendor_-_MB2_Master_Office_List_4-1-2025.xlsx,2025-06-14 19:36:31
1.0,0.0,1.0,0.0,2.0,vilonia family dental,1163 main street suite 106,AR,72173,viloniamb2dentalcom,jordan cooper spencer mobbs zachary dixon joshua hambuchen,AR0008,MB2 Dental | 19712,23322,vilonia family dental care,Vendor_-_MB2_Master_Office_List_4-1-2025.xlsx,2025-06-14 19:36:31
1.0,1.0,1.0,0.0,3.0,perryville family dental,810 fourche ave,AR,72126,perryvillefamilydentalmb2dentalcom,zachary dixon spencer mobbs,AR0011,MB2 Dental | 19712,24898,perryville family dental,Vendor_-_MB2_Master_Office_List_4-1-2025.xlsx,2025-06-14 19:36:31
1.0,0.0,1.0,0.0,2.0,kierland dental arts,6501 e greenway pkwy 101,AZ,85254,kierlandmb2dentalcom,dr jeff johannesmeyer,AZ0006,MB2 Dental | 19712,128566,kierland dental arts,Vendor_-_MB2_Master_Office_List_4-1-2025.xlsx,2025-06-14 19:36:31
1.0,0.0,1.0,1.0,3.0,biltmore cosmetic restorative dentistry,5155 n 16th street,AZ,85016,bcrdmb2dentalcom,brandon harris,AZ0035,MB2 Dental | 19712,182697,biltmore cosmetic and restorative dentistry,Vendor_-_MB2_Master_Office_List_4-1-2025.xlsx,2025-06-14 19:36:31
1.0,0.0,1.0,0.0,2.0,loving family dental,16838 e palisades blvd 111,AZ,85268,lovingfamilymb2dentalcom,tim loving lisa loving,AZ0041,MB2 Dental | 19712,142384,loving family dental,Vendor_-_MB2_Master_Office_List_4-1-2025.xlsx,2025-06-14 19:36:31
1.0,0.0,0.0,1.0,2.0,cook orthodontics 24th street,7945 e 24th st,AZ,85365,cookorthomb2dentalcom,jeff cook,AZ0046,MB2 Dental | 19712,142285,cook orthodontics,Vendor_-_MB2_Master_Office_List_4-1-2025.xlsx,2025-06-14 19:36:31
1.0,0.0,1.0,1.0,3.0,cook orthodontics ave b,2851 s avenue b 18,AZ,85364,cookorthomb2dentalcom,jeff cook,AZ0047,MB2 Dental | 19712,142285,cook orthodontics,Vendor_-_MB2_Master_Office_List_4-1-2025.xlsx,2025-06-14 19:36:31
0.0,0.0,1.0,1.0,2.0,st helena studio of aesthetic dentistry,1510 railroad ave,CA,94574,shdsmb2dentalcom,pauline demetrakopulos,CA0002,MB2 Dental | 19712,21195,st helena dental studio,Vendor_-_MB2_Master_Office_List_4-1-2025.xlsx,2025-06-14 19:36:31
1.0,0.0,1.0,1.0,3.0,graton dental group,1400 medical center dr,CA,94928,gratondentalmb2dentalcom,sheila inalou,CA0003,MB2 Dental | 19712,23768,graton dental group,Vendor_-_MB2_Master_Office_List_4-1-2025.xlsx,2025-06-14 19:36:31
1.0,0.0,1.0,1.0,3.0,all in one dental innovations,7046 dublin blvd,CA,94568,allinonemb2dentalcom,james huang carolyn chang,CA0016,MB2 Dental | 19712,178980,all in one dental innovations,Vendor_-_MB2_Master_Office_List_4-1-2025.xlsx,2025-06-14 19:36:31
1.0,0.0,1.0,1.0,3.0,michael a rogers dds,260 e chase ave suite 101,CA,92020,rogersmb2dentalcom,michael rogers,CA0029,MB2 Dental | 19712,119363,michael a rogers,Vendor_-_MB2_Master_Office_List_4-1-2025.xlsx,2025-06-14 19:36:31
1.0,1.0,1.0,0.0,3.0,pine top orthodontics,9475 briar village point 315,CO,80920,pinetopmb2dentalcom,christopher parris,CO0010,MB2 Dental | 19712,236973,pine top orthodontics,Vendor_-_MB2_Master_Office_List_4-1-2025.xlsx,2025-06-14 19:36:31
1.0,0.0,0.0,1.0,2.0,parker orthodontics elizabeth,210 s elizabeth st,CO,80107,parkerorthodonticsmb2dentalcom,jeffrey collins,CO0011,MB2 Dental | 19712,20860,parker orthodontics,Vendor_-_MB2_Master_Office_List_4-1-2025.xlsx,2025-06-14 19:36:31
1.0,0.0,1.0,1.0,3.0,parker orthodontics parker,19700 e parker square dr suite c,CO,80134,parkerorthodonticsmb2dentalcom,jeffrey collins,CO0012,MB2 Dental | 19712,20860,parker orthodontics,Vendor_-_MB2_Master_Office_List_4-1-2025.xlsx,2025-06-14 19:36:31
1.0,1.0,1.0,0.0,3.0,colorado kids pediatric dentistry highlands,9358 dorchester st,CO,80129,cokidspedomb2dentalcom,lisa fox,CO0014,MB2 Dental | 19712,23430,colorado kids pediatric dentistry,Vendor_-_MB2_Master_Office_List_4-1-2025.xlsx,2025-06-14 19:36:31
1.0,1.0,0.0,0.0,2.0,colorado kids pediatric dentistry lone tree,9227 lincoln ave suite 100,CO,80124,cokidspedomb2dentalcom,lisa fox,CO0015,MB2 Dental | 19712,23430,colorado kids pediatric dentistry,Vendor_-_MB2_Master_Office_List_4-1-2025.xlsx,2025-06-14 19:36:31
1.0,0.0,1.0,0.0,2.0,rocky mountain kids dentistry englewood,5168 s broadway,CO,80113,rmkdmb2dentalcom,lane bland,CO0016,MB2 Dental | 19712,200134,rocky mountain kids dentistry,Vendor_-_MB2_Master_Office_List_4-1-2025.xlsx,2025-06-14 19:36:31
0.0,0.0,1.0,1.0,2.0,signature orthodontics aurora,20971 e smoky hill rdste 200,CO,80015,signatureorthomb2dentalcom,jason morris,CO0019,MB2 Dental | 19712,21414,mb2 signature orthodontics,Vendor_-_MB2_Master_Office_List_4-1-2025.xlsx,2025-06-14 19:36:31
1.0,0.0,1.0,1.0,3.0,timock family orthodontics,3221 eastbrook dr a103,CO,80525,timockorthomb2dentalcom,adam timock,CO0025,MB2 Dental | 19712,22552,timock family orthodontics,Vendor_-_MB2_Master_Office_List_4-1-2025.xlsx,2025-06-14 19:36:31
1.0,0.0,1.0,1.0,3.0,northern colorado orthodontics,1299 main st c,CO,80550,nocomb2dentalcom,adam timock,CO0028,MB2 Dental | 19712,24872,northern colorado orthodontics,Vendor_-_MB2_Master_Office_List_4-1-2025.xlsx,2025-06-14 19:36:31
1.0,0.0,1.0,1.0,3.0,golden dental care,2007 jackson st,CO,80401,goldendentalmb2dentalcom,john burchfield,CO0031,MB2 Dental | 19712,185418,golden dental care,Vendor_-_MB2_Master_Office_List_4-1-2025.xlsx,2025-06-14 19:36:31
1.0,0.0,0.0,1.0,2.0,blue wave orthodontics darien,777 boston post rd suite 300,CT,06820,bluewavectmb2dentalcom,peter maro,CT0002,MB2 Dental | 19712,24274,blue wave orthodontics,Vendor_-_MB2_Master_Office_List_4-1-2025.xlsx,2025-06-14 19:36:31
1.0,0.0,1.0,1.0,3.0,advanced dentistry ct,435 highland ave ste 210,CT,06410,advanceddentistryctmb2dentalcom,amit desai,CT0004,MB2 Dental | 19712,21245,advanced dentistry,Vendor_-_MB2_Master_Office_List_4-1-2025.xlsx,2025-06-14 19:36:31
1.0,0.0,0.0,1.0,2.0,dental care of mid florida avon,106 e main st avon,FL,33825,midflmb2dentalcom,ron owen ernesto llerena,FL0004,MB2 Dental | 19712,206559,dental care of midflorida,Vendor_-_MB2_Master_Office_List_4-1-2025.xlsx,2025-06-14 19:36:31
1.0,0.0,1.0,1.0,3.0,dental care of mid florida sebring,1735 us 27 south,FL,33870,midflmb2dentalcom,ron owen ernesto llerena,FL0005,MB2 Dental | 19712,206559,dental care of midflorida,Vendor_-_MB2_Master_Office_List_4-1-2025.xlsx,2025-06-14 19:36:31
1.0,1.0,1.0,0.0,3.0,bright smiles family and cosmetic dentistry,208 hospital dr ne,FL,32548,brightsmilesmb2dentalcom,kathleen bartlett,FL0015,MB2 Dental | 19712,45219,bright smiles dentistry,Vendor_-_MB2_Master_Office_List_4-1-2025.xlsx,2025-06-14 19:36:31
1.0,0.0,1.0,0.0,2.0,palms dental care lake worth,8918 lantana rd b,FL,33467,palmsdentalmb2dentalcom,kyle kromrey,FL0020,MB2 Dental | 19712,172756,palms dental care,Vendor_-_MB2_Master_Office_List_4-1-2025.xlsx,2025-06-14 19:36:31
1.0,0.0,1.0,0.0,2.0,bessey creek dental care,3198 sw martin downs blvd,FL,34990,besseymb2dentalcom,summer pendl,FL0021,MB2 Dental | 19712,238078,bessey creek dental care,Vendor_-_MB2_Master_Office_List_4-1-2025.xlsx,2025-06-14 19:36:31
1.0,0.0,1.0,1.0,3.0,riverbend family dentistry jupiter,10088 w indiantown rd,FL,33478,riverbendfamilymb2dentalcom,austin mautner,FL0024,MB2 Dental | 19712,24508,riverbend family dentistry,Vendor_-_MB2_Master_Office_List_4-1-2025.xlsx,2025-06-14 19:36:31
1.0,0.0,1.0,1.0,3.0,mcintosh orthodontics maitland,520 south maitland ave,FL,32751,mcintoshmaitlandmb2dentalcom,david mcintosh,FL0027,MB2 Dental | 19712,24621,mcintosh orthodontics,Vendor_-_MB2_Master_Office_List_4-1-2025.xlsx,2025-06-14 19:36:31
1.0,0.0,0.0,1.0,2.0,mcintosh orthodontics winter park,2546 aloma ave,FL,32792,mcintoshwpmb2dentalcom,david mcintosh,FL0028,MB2 Dental | 19712,24621,mcintosh orthodontics,Vendor_-_MB2_Master_Office_List_4-1-2025.xlsx,2025-06-14 19:36:31
1.0,1.0,1.0,1.0,4.0,john e russo dmd family and cosmetic dentistry,430 n mills ave ste 3,FL,32803,drjohnrussodentistrymb2dentalcom,john russo,FL0035,MB2 Dental | 19712,260588,john e russo dmd general and cosmetic dentistry,Vendor_-_MB2_Master_Office_List_4-1-2025.xlsx,2025-06-14 19:36:31
1.0,0.0,1.0,1.0,3.0,collins dental 5744 winter springs,5744 canton cove,FL,32708,collinsmb2dentalcom,fay collins,FL0037,MB2 Dental | 19712,154111,collins dental,Vendor_-_MB2_Master_Office_List_4-1-2025.xlsx,2025-06-14 19:36:31
1.0,0.0,1.0,1.0,3.0,collins dental 5739 winter springs,5739 canton cove,FL,32708,collinsmb2dentalcom,fay collins,FL0038,MB2 Dental | 19712,154111,collins dental,Vendor_-_MB2_Master_Office_List_4-1-2025.xlsx,2025-06-14 19:36:31
1.0,0.0,1.0,0.0,2.0,screven dental,112 clifford ave,GA,30467,screvendentalmb2dentalcom,jason mcgibony,GA0001,MB2 Dental | 19712,23216,screven dental,Vendor_-_MB2_Master_Office_List_4-1-2025.xlsx,2025-06-14 19:36:31
1.0,0.0,1.0,1.0,3.0,weaver orthodontics brunswick,35 professional dr,GA,31520,weaverorthomb2dentalcom,john weaver,GA0005,MB2 Dental | 19712,23480,weaver orthodontics,Vendor_-_MB2_Master_Office_List_4-1-2025.xlsx,2025-06-14 19:36:31
1.0,0.0,0.0,1.0,2.0,weaver orthodontics jessup,930 e cherry st,GA,31546,weaverorthomb2dentalcom,john weaver,GA0006,MB2 Dental | 19712,23480,weaver orthodontics,Vendor_-_MB2_Master_Office_List_4-1-2025.xlsx,2025-06-14 19:36:31
1.0,0.0,1.0,0.0,2.0,cumming pediatric dentistry and orthodontics,3275 market place blvd suite 150,GA,30041,cummingpedoorthomb2dentalcom,javid yavari hemant dhawan,GA0009,MB2 Dental | 19712,218496,cumming pediatric dentistry and orthodontics,Vendor_-_MB2_Master_Office_List_4-1-2025.xlsx,2025-06-14 19:36:31
1.0,0.0,1.0,1.0,3.0,crabapple pediatric dentistry and orthodontics,12385 crabapple road suite 100,GA,30004,crabapplemb2dentalcom,javid yavari,GA0010,MB2 Dental | 19712,218494,crabapple pediatric dentistry and orthodontics,Vendor_-_MB2_Master_Office_List_4-1-2025.xlsx,2025-06-14 19:36:31
1.0,0.0,1.0,0.0,2.0,cumming dental associates bald ridge,1200 bald ridge marina rd ste 200,GA,30041,cdabaldridgemb2dentalcom,kevin short,GA0012,MB2 Dental | 19712,34610,cumming dental associates bald ridge,Vendor_-_MB2_Master_Office_List_4-1-2025.xlsx,2025-06-14 19:36:31
1.0,0.0,1.0,1.0,3.0,center for pediatric dentistry,1243 augusta west pkwy,GA,30909,centerpedogamb2dentalcom,lee baker,GA0018,MB2 Dental | 19712,20286,center for pediatric dentistry,Vendor_-_MB2_Master_Office_List_4-1-2025.xlsx,2025-06-14 19:36:31
1.0,0.0,1.0,0.0,2.0,summit dental group boise city,782 s americana blvd,ID,83702,summitidmb2dentalcom,carson mooney lance ritchie robert studebaker zachary richardson,ID0003,MB2 Dental | 19712,97418,summit dental group,Vendor_-_MB2_Master_Office_List_4-1-2025.xlsx,2025-06-14 19:36:31
1.0,0.0,0.0,1.0,2.0,red ritchey orthodontics minooka,104 north ridge lane unit 120,IL,60447,redandritcheyorthomb2dentalcom,alexander ritchey clarence red,IL0005,MB2 Dental | 19712,21056,red ritchey orthodontics,Vendor_-_MB2_Master_Office_List_4-1-2025.xlsx,2025-06-14 19:36:31
1.0,0.0,0.0,1.0,2.0,red ritchey orthodontics morris,218 west washington st,IL,60450,redandritcheyorthomb2dentalcom,alexander ritchey clarence red,IL0006,MB2 Dental | 19712,21056,red ritchey orthodontics,Vendor_-_MB2_Master_Office_List_4-1-2025.xlsx,2025-06-14 19:36:31
1.0,0.0,0.0,1.0,2.0,red ritchey orthodontics new lenox,1938 east lincoln hwy unit 121,IL,60451,redandritcheyorthomb2dentalcom,alexander ritchey clarence red,IL0007,MB2 Dental | 19712,21056,red ritchey orthodontics,Vendor_-_MB2_Master_Office_List_4-1-2025.xlsx,2025-06-14 19:36:31
1.0,0.0,0.0,1.0,2.0,red ritchey orthodontics wilmington,313 west baltimore ave,IL,60481,redandritcheyorthomb2dentalcom,alexander ritchey clarence red,IL0008,MB2 Dental | 19712,21056,red ritchey orthodontics,Vendor_-_MB2_Master_Office_List_4-1-2025.xlsx,2025-06-14 19:36:31
1.0,0.0,1.0,1.0,3.0,red ritchey orthodontics joliet,227 north hammes ave,IL,60435,redandritcheyorthomb2dentalcom,alexander ritchey clarence red,IL0009,MB2 Dental | 19712,21056,red ritchey orthodontics,Vendor_-_MB2_Master_Office_List_4-1-2025.xlsx,2025-06-14 19:36:31
1.0,0.0,1.0,1.0,3.0,randolph associates family dentistry,119 n williamsburg dr,IL,61704,randolphmb2dentalcom,gregory randolph,IL0016,MB2 Dental | 19712,185714,randolph associates,Vendor_-_MB2_Master_Office_List_4-1-2025.xlsx,2025-06-14 19:36:31
1.0,0.0,1.0,0.0,2.0,biggs hansen orthodontics,9333 n meridian st 301,IN,46260,bhorthomb2dentalcom,jeffery biggs vince hansen,IN0001,MB2 Dental | 19712,20435,biggs hansen orthodontics,Vendor_-_MB2_Master_Office_List_4-1-2025.xlsx,2025-06-14 19:36:31
1.0,0.0,1.0,0.0,2.0,rick burns orthodontics elkhart,23618 us 33,IN,46517,rburnsorthomb2dentalcom,rick burns,IN0002,MB2 Dental | 19712,20602,rick burns orthodontics,Vendor_-_MB2_Master_Office_List_4-1-2025.xlsx,2025-06-14 19:36:31
1.0,0.0,0.0,1.0,2.0,toombs orthodontics lenexa,12711 w 87th st pkwy,KS,66215,toombsorthomb2dentalcom,kelly toombs,KS0004,MB2 Dental | 19712,181195,toombs orthodontics,Vendor_-_MB2_Master_Office_List_4-1-2025.xlsx,2025-06-14 19:36:31
1.0,0.0,1.0,1.0,3.0,toombs orthodontics prairie village,3700 w 83rd st 215,KS,66208,toombsorthomb2dentalcom,kelly toombs,KS0005,MB2 Dental | 19712,181195,toombs orthodontics,Vendor_-_MB2_Master_Office_List_4-1-2025.xlsx,2025-06-14 19:36:31
1.0,0.0,1.0,0.0,2.0,river rock family dental,1100 e 23rd st,KS,66046,riverrockksmb2dentalcom,richard valbuena,KS0006,MB2 Dental | 19712,185505,river rock family dental,Vendor_-_MB2_Master_Office_List_4-1-2025.xlsx,2025-06-14 19:36:31
0.0,0.0,1.0,1.0,2.0,maryland family general dentistry silver spring,13975 connecticut ave ste 203,MD,20906,marylandmb2dentalcom,soorita goorah,MD0007,MB2 Dental | 19712,168548,aspen hill general cosmetic dentistry,Vendor_-_MB2_Master_Office_List_4-1-2025.xlsx,2025-06-14 19:36:31
1.0,1.0,1.0,1.0,4.0,maryland dental specialty group,13975 connecticut ave ste 208,MD,20906,marylandspecialtymb2dentalcom,soorita goorah,MD0008,MB2 Dental | 19712,168448,maryland dental specialty group,Vendor_-_MB2_Master_Office_List_4-1-2025.xlsx,2025-06-14 19:36:31
1.0,0.0,1.0,1.0,3.0,aspen hill general cosmetic dentistry,13975 connecticut ave ste 201,MD,20906,aspenhillmb2dentalcom,soorita goorah,MD0009,MB2 Dental | 19712,168548,aspen hill general cosmetic dentistry,Vendor_-_MB2_Master_Office_List_4-1-2025.xlsx,2025-06-14 19:36:31
1.0,0.0,1.0,1.0,3.0,maryland family general dentistry germantown,13529 clopper rd,MD,20874,marylandmb2dentalcom,soorita goorah,MD0010,MB2 Dental | 19712,168550,maryland family general dentistry,Vendor_-_MB2_Master_Office_List_4-1-2025.xlsx,2025-06-14 19:36:31
1.0,0.0,1.0,1.0,3.0,mi smile journey saginaw,5355 colony drive n,MI,48638,mismilemb2dentalcom,michael thomas,MI0010,MB2 Dental | 19712,22483,mi smile journey orthodontics,Vendor_-_MB2_Master_Office_List_4-1-2025.xlsx,2025-06-14 19:36:31
1.0,0.0,0.0,1.0,2.0,mi smile journey frankenmuth,123 churchgrove st,MI,48734,mismilemb2dentalcom,michael thomas,MI0012,MB2 Dental | 19712,22483,mi smile journey orthodontics,Vendor_-_MB2_Master_Office_List_4-1-2025.xlsx,2025-06-14 19:36:31
1.0,0.0,1.0,0.0,2.0,truman lake dental,1631 commercial st,MO,65355,trumanlakedentalmb2dentalcom,teresa hills,MO0002,MB2 Dental | 19712,23655,truman lake dental llc,Vendor_-_MB2_Master_Office_List_4-1-2025.xlsx,2025-06-14 19:36:31
1.0,0.0,1.0,1.0,3.0,hometown dental,700 s limit ave 100,MO,65301,hometowndentalmb2dentalcom,patrick lancaster,MO0007,MB2 Dental | 19712,23968,hometown dental,Vendor_-_MB2_Master_Office_List_4-1-2025.xlsx,2025-06-14 19:36:31
1.0,0.0,1.0,1.0,3.0,brentwood dental group,2440 s brentwood blvd,MO,63144,brentwooddentalgroupmb2dentalcom,seth wasson,MO0008,MB2 Dental | 19712,185433,brentwood dental group,Vendor_-_MB2_Master_Office_List_4-1-2025.xlsx,2025-06-14 19:36:31
1.0,0.0,1.0,0.0,2.0,dr waite associates,621 s new ballas rd ste 10a,MO,63141,waitemb2dentalcom,stuart waite,MO0014,MB2 Dental | 19712,220400,dr waite associates,Vendor_-_MB2_Master_Office_List_4-1-2025.xlsx,2025-06-14 19:36:31
1.0,0.0,1.0,0.0,2.0,ts orthodontics marion,2218 rutherford rd suite b,NC,28752,tsorthomb2dentalcom,tim scanlan,NC0002,MB2 Dental | 19712,20671,ts orthodontics,Vendor_-_MB2_Master_Office_List_4-1-2025.xlsx,2025-06-14 19:36:31
1.0,0.0,1.0,0.0,2.0,premier dental lakeside,17110 lakeside hills plaza,NE,68130,premierdentalmb2dentalcom,daniel beninato,NE0001,MB2 Dental | 19712,20400,premier dental,Vendor_-_MB2_Master_Office_List_4-1-2025.xlsx,2025-06-14 19:36:31
1.0,0.0,1.0,0.0,2.0,fremont dental group,1435 e 23rd st,NE,68025,fremontdentalmb2dentalcom,emily mccarthy brenna behrens caitlin fleissner laura brown,NE0003,MB2 Dental | 19712,24545,fremont dental group,Vendor_-_MB2_Master_Office_List_4-1-2025.xlsx,2025-06-14 19:36:31
1.0,1.0,0.0,0.0,2.0,huerter orthodontics blair,261 s19th st,NE,68008,huertermb2dentalcom,thomas huerter,NE0005,MB2 Dental | 19712,245291,huerter orthodontics omaha main,Vendor_-_MB2_Master_Office_List_4-1-2025.xlsx,2025-06-14 19:36:31
1.0,1.0,0.0,0.0,2.0,huerter orthodontics omaha west,17110 lakeside hills plaza,NE,68130,huertermb2dentalcom,thomas huerter,NE0006,MB2 Dental | 19712,245291,huerter orthodontics omaha main,Vendor_-_MB2_Master_Office_List_4-1-2025.xlsx,2025-06-14 19:36:31
1.0,1.0,1.0,0.0,3.0,huerter orthodontics omaha main,2410 s 73rd street,NE,68124,huertermb2dentalcom,thomas huerter,NE0007,MB2 Dental | 19712,245291,huerter orthodontics omaha main,Vendor_-_MB2_Master_Office_List_4-1-2025.xlsx,2025-06-14 19:36:31
1.0,0.0,1.0,1.0,3.0,uptown dental associates,7101 prospect place ne,NM,87110,uptowndentalmb2dentalcom,jacob greaves ryan shepherd,NM0005,MB2 Dental | 19712,164038,uptown dental assocaites,Vendor_-_MB2_Master_Office_List_4-1-2025.xlsx,2025-06-14 19:36:31
1.0,0.0,1.0,0.0,2.0,taylor orthodontics roswell,200 west wilshire blvd ste e,NM,88201,taylororthomb2dentalcom,mike taylor,NM0009,MB2 Dental | 19712,204653,taylor orthodontics,Vendor_-_MB2_Master_Office_List_4-1-2025.xlsx,2025-06-14 19:36:31
1.0,0.0,1.0,0.0,2.0,adventure smiles pediatric dentistry,8995 w flamingo rd suite 100,NV,89147,adventuremb2dentalcom,noura rezapour,NV0001,MB2 Dental | 19712,21496,adventure smiles pediatric dentistry,Vendor_-_MB2_Master_Office_List_4-1-2025.xlsx,2025-06-14 19:36:31
1.0,0.0,1.0,1.0,3.0,kleinrock orthodontics,1705 broadway suite 2,NY,11557,kleinrockorthomb2dentalcom,seth kleinrock,NY0005,MB2 Dental | 19712,24367,kleinrock orthodontics,Vendor_-_MB2_Master_Office_List_4-1-2025.xlsx,2025-06-14 19:36:31
1.0,0.0,1.0,0.0,2.0,luccarelli barrese orthodontics,51 charles st,NY,11501,lborthomb2dentalcom,joseph barrese,NY0009,MB2 Dental | 19712,24506,luccarelli barrese orthodontics,Vendor_-_MB2_Master_Office_List_4-1-2025.xlsx,2025-06-14 19:36:31
1.0,0.0,1.0,0.0,2.0,comizio orthodontics,173 fisher ave,NY,10709,comiziomb2dentalcom,joe comizio,NY0011,MB2 Dental | 19712,20880,comizio orthodontics,Vendor_-_MB2_Master_Office_List_4-1-2025.xlsx,2025-06-14 19:36:31
1.0,1.0,1.0,1.0,4.0,metropolitan dental arts,380 union ave,NY,11211,metdentalartsmb2dentalcom,keith heller,NY0025,MB2 Dental | 19712,23539,metropolitan dental arts,Vendor_-_MB2_Master_Office_List_4-1-2025.xlsx,2025-06-14 19:36:31
1.0,0.0,1.0,1.0,3.0,central park west pediatric dentistry,327 central park west 1c,NY,10025,centralparkwestpedomb2dentalcom,mary eve maestre robert peracchia,NY0035,MB2 Dental | 19712,171049,central park west orthodontics,Vendor_-_MB2_Master_Office_List_4-1-2025.xlsx,2025-06-14 19:36:31
1.0,1.0,1.0,1.0,4.0,central park west orthodontics,327 central park west ste 1a,NY,10025,centralparkwestorthomb2dentalcom,mary eve maestre,NY0036,MB2 Dental | 19712,171049,central park west orthodontics,Vendor_-_MB2_Master_Office_List_4-1-2025.xlsx,2025-06-14 19:36:31
1.0,1.0,1.0,1.0,4.0,gold coast family dental,2 cow neck rd,NY,11050,goldcoastmb2dentalcom,benjamin neren,NY0038,MB2 Dental | 19712,165741,gold coast family dental,Vendor_-_MB2_Master_Office_List_4-1-2025.xlsx,2025-06-14 19:36:31
1.0,0.0,1.0,1.0,3.0,dietrich orthodontics alliance,1455 s sawburg ave,OH,44601,dietrichorthomb2dentalcom,joseph dietrich,OH0006,MB2 Dental | 19712,33412,dietrich orthodontics,Vendor_-_MB2_Master_Office_List_4-1-2025.xlsx,2025-06-14 19:36:31
1.0,0.0,0.0,1.0,2.0,dietrich orthodontics canton,4013 whipple ave nw,OH,44718,dietrichcantonmb2dentalcom,joseph dietrich,OH0007,MB2 Dental | 19712,33412,dietrich orthodontics,Vendor_-_MB2_Master_Office_List_4-1-2025.xlsx,2025-06-14 19:36:31
1.0,0.0,1.0,1.0,3.0,carpenter dental group,1684 venture dr ste c,OH,43050,carpenterdentalmb2dentalcom,michelle carpenter,OH0009,MB2 Dental | 19712,22431,carpenter dental group,Vendor_-_MB2_Master_Office_List_4-1-2025.xlsx,2025-06-14 19:36:31
1.0,0.0,1.0,1.0,3.0,parker orthodontics ohio,6519 wilson mills rd,OH,44143,parkerohmb2dentalcom,stephan parker,OH0010,MB2 Dental | 19712,21176,parker orthodontics,Vendor_-_MB2_Master_Office_List_4-1-2025.xlsx,2025-06-14 19:36:31
1.0,0.0,1.0,0.0,2.0,lawton kids dentistry braces,4417 w gore blvd 11,OK,73505,lawtonkidsdentistrymb2dentalcom,chris larrow,OK0006,MB2 Dental | 19712,24459,lawton kids dentistry braces,Vendor_-_MB2_Master_Office_List_4-1-2025.xlsx,2025-06-14 19:36:31
1.0,0.0,1.0,1.0,3.0,boyd family dentistry,8415 n 125th e ave,OK,74055,boydmb2dentalcom,karla boyd,OK0031,MB2 Dental | 19712,20509,boyd family dentistry,Vendor_-_MB2_Master_Office_List_4-1-2025.xlsx,2025-06-14 19:36:31
1.0,0.0,1.0,1.0,3.0,laidlaw orthodontics,400 e main st 190,OR,97123,laidlaworthomb2dentalcom,andrea laidlaw,OR0004,MB2 Dental | 19712,47523,laidlaw orthodontics,Vendor_-_MB2_Master_Office_List_4-1-2025.xlsx,2025-06-14 19:36:31
1.0,0.0,0.0,1.0,2.0,chvatal orthodontics cottage grove,1130 e main st,OR,97424,chvatalorthomb2dentalcom,brad chvatal,OR0007,MB2 Dental | 19712,20802,chvatal orthodontics,Vendor_-_MB2_Master_Office_List_4-1-2025.xlsx,2025-06-14 19:36:31
1.0,0.0,1.0,1.0,3.0,chvatal orthodontics willamette,2215 willamette street suite b,OR,97405,chvatalorthomb2dentalcom,brad chvatal,OR0008,MB2 Dental | 19712,20803,chvatal orthodontics,Vendor_-_MB2_Master_Office_List_4-1-2025.xlsx,2025-06-14 19:36:31
1.0,0.0,1.0,1.0,3.0,chvatal orthodontics valley river,1400 valley river dr suite 240,OR,97401,chvatalorthomb2dentalcom,brad chvatal,OR0009,MB2 Dental | 19712,20802,chvatal orthodontics,Vendor_-_MB2_Master_Office_List_4-1-2025.xlsx,2025-06-14 19:36:31
1.0,0.0,1.0,0.0,2.0,sepic orthodontics uniontown,625 cherry tree ln,PA,15401,sepicorthomb2dentalcom,chris sepic craig madison,PA0006,MB2 Dental | 19712,22303,sepic orthodontics,Vendor_-_MB2_Master_Office_List_4-1-2025.xlsx,2025-06-14 19:36:31
1.0,0.0,0.0,1.0,2.0,dana r martin orthodontist dmd ms tazewell pike,2900 tazewell pike,TN,37918,martinorthomb2dentalcom,dana martin,TN0008,MB2 Dental | 19712,24392,dana r martin orthodontist,Vendor_-_MB2_Master_Office_List_4-1-2025.xlsx,2025-06-14 19:36:31
1.0,0.0,1.0,1.0,3.0,dana r martin orthodontist dmd ms lovell,114 lovell road 103,TN,37934,martinorthomb2dentalcom,dana martin,TN0009,MB2 Dental | 19712,24392,dana r martin orthodontist,Vendor_-_MB2_Master_Office_List_4-1-2025.xlsx,2025-06-14 19:36:31
1.0,0.0,0.0,1.0,2.0,dana r martin orthodontist dmd ms alcoa,1066 hunters crossing drive,TN,37701,martinorthomb2dentalcom,dana martin,TN0010,MB2 Dental | 19712,24392,dana r martin orthodontist,Vendor_-_MB2_Master_Office_List_4-1-2025.xlsx,2025-06-14 19:36:31
1.0,0.0,1.0,0.0,2.0,archstone dental orthodontics alta mere,639 alta mere dr,TX,76114,archstonealtameremb2dentalcom,paul shahwan gabriel shahwan,TX0001,MB2 Dental | 19712,21187,archstone dental alta mere,Vendor_-_MB2_Master_Office_List_4-1-2025.xlsx,2025-06-14 19:36:31
1.0,0.0,1.0,0.0,2.0,archstone dental orthodontics azle,600 boyd court suite b,TX,76020,archstoneazlemb2dentalcom,dana tievsky,TX0002,MB2 Dental | 19712,21100,archstone dental azle,Vendor_-_MB2_Master_Office_List_4-1-2025.xlsx,2025-06-14 19:36:31
1.0,1.0,1.0,0.0,3.0,archstone dental orthodontics beach,7630 n beach st suite 130,TX,76137,archstonebeachmb2dentalcom,ambily mathew,TX0003,MB2 Dental | 19712,22589,archstone dental beach,Vendor_-_MB2_Master_Office_List_4-1-2025.xlsx,2025-06-14 19:36:31
1.0,0.0,1.0,0.0,2.0,archstone dental orthodontics granbury,301 e highway 377 suite 100,TX,76048,archstonegranburymb2dentalcom,paul shahwan gabriel shahwan,TX0004,MB2 Dental | 19712,21175,archstone dental granbury,Vendor_-_MB2_Master_Office_List_4-1-2025.xlsx,2025-06-14 19:36:31
1.0,0.0,1.0,0.0,2.0,archstone dental orthodontics hulen,4800 s hulen st 102,TX,76132,archstonehulenmb2dentalcom,dana tievsky,TX0005,MB2 Dental | 19712,24733,archstone dental hulen,Vendor_-_MB2_Master_Office_List_4-1-2025.xlsx,2025-06-14 19:36:31
1.0,0.0,1.0,0.0,2.0,archstone dental orthodontics weatherford,325 adams dr suite 335,TX,76086,archstoneweatherfordmb2dentalcom,paul shahwan gabriel shahwan,TX0006,MB2 Dental | 19712,21177,archstone dental and orthodontics,Vendor_-_MB2_Master_Office_List_4-1-2025.xlsx,2025-06-14 19:36:31
1.0,0.0,1.0,0.0,2.0,bliss dental orthodontics odessa e,4901 e 42nd st ste b,TX,79762,blisseastodessamb2dentalcom,emmanuel yadoglah nathaniel galloway,TX0007,MB2 Dental | 19712,24689,bliss dental east odessa,Vendor_-_MB2_Master_Office_List_4-1-2025.xlsx,2025-06-14 19:36:31
1.0,1.0,1.0,0.0,3.0,bliss dental orthodontics lubbock,4819 ave q,TX,79412,blisslubbockmb2dentalcom,emmanuel yadoglah,TX0008,MB2 Dental | 19712,24673,bliss dental lubbock,Vendor_-_MB2_Master_Office_List_4-1-2025.xlsx,2025-06-14 19:36:31
1.0,1.0,1.0,0.0,3.0,bliss dental orthodontics odessa,2260 linda ave suite 103,TX,79763,blissodessamb2dentalcom,emmanuel yadoglah,TX0010,MB2 Dental | 19712,24669,bliss dental odessa,Vendor_-_MB2_Master_Office_List_4-1-2025.xlsx,2025-06-14 19:36:31
1.0,0.0,1.0,0.0,2.0,blvd dentistry orthodontics riverside,1920 e riverside dr suite a 140,TX,78741,blvdaustinmb2dentalcom,andrea blythe,TX0011,MB2 Dental | 19712,20533,blvd dentistry riverside,Vendor_-_MB2_Master_Office_List_4-1-2025.xlsx,2025-06-14 19:36:31
1.0,0.0,1.0,0.0,2.0,blvd dentistry orthodontics galleria,5000 westheimer suite 630,TX,77056,galleriablvddentistrycom,dara abusada,TX0012,MB2 Dental | 19712,22897,blvd dentistry galleria,Vendor_-_MB2_Master_Office_List_4-1-2025.xlsx,2025-06-14 19:36:31
1.0,0.0,1.0,0.0,2.0,blvd dentistry orthodontics heights,107 yale st suite 300,TX,77007,heightsblvddentistrycom,dara abusada,TX0013,MB2 Dental | 19712,21025,blvd dentistry orthodontics heights,Vendor_-_MB2_Master_Office_List_4-1-2025.xlsx,2025-06-14 19:36:31
1.0,0.0,1.0,0.0,2.0,blvd dentistry orthodontics hulen,2739 s hulen st,TX,76109,hulenblvddentistrycom,melanie marshall,TX0014,MB2 Dental | 19712,21172,blvd dentistry hulen,Vendor_-_MB2_Master_Office_List_4-1-2025.xlsx,2025-06-14 19:36:31
1.0,0.0,1.0,0.0,2.0,blvd dentistry orthodontics oak forest,1343 w 43rd st f,TX,77018,oakforestblvddentistrycom,kiana king,TX0015,MB2 Dental | 19712,23654,blvd dentistry orthodontics oak forrest,Vendor_-_MB2_Master_Office_List_4-1-2025.xlsx,2025-06-14 19:36:31
1.0,0.0,1.0,0.0,2.0,the village dentistry,2402 rice blvd suite c,TX,77005,thevillagedentistrymb2dentalcom,ashley christensen,TX0016,MB2 Dental | 19712,22148,the village dentistry,Vendor_-_MB2_Master_Office_List_4-1-2025.xlsx,2025-06-14 19:36:31
1.0,1.0,1.0,0.0,3.0,crescent dental orthodontics lockhart,1906 s colorado st suite 110,TX,78644,crescentlockhartmb2dentalcom,will parell,TX0018,MB2 Dental | 19712,24602,cresent dental lockhart,Vendor_-_MB2_Master_Office_List_4-1-2025.xlsx,2025-06-14 19:36:31
1.0,0.0,1.0,0.0,2.0,crescent dental orthodontics san marcos,651 barnes dr bldg 2 ste 205,TX,78666,crescentsanmarcosmb2dentalcom,will parell,TX0019,MB2 Dental | 19712,33631,crescent dental,Vendor_-_MB2_Master_Office_List_4-1-2025.xlsx,2025-06-14 19:36:31
1.0,1.0,1.0,0.0,3.0,crescent dental orthodontics seguin,1467 east court st,TX,78155,crescentseguinmb2dentalcom,will parell,TX0020,MB2 Dental | 19712,22032,crescent dental seguin,Vendor_-_MB2_Master_Office_List_4-1-2025.xlsx,2025-06-14 19:36:31
1.0,0.0,1.0,0.0,2.0,forney wellness,992 e us highway 80 suite d,TX,75126,forneywellnessmb2dentalcom,brooks graves frederique faucheu,TX0022,MB2 Dental | 19712,24789,forney wellness dental,Vendor_-_MB2_Master_Office_List_4-1-2025.xlsx,2025-06-14 19:36:31
1.0,0.0,1.0,0.0,2.0,element dental orthodontics bryan,910 n earl rudder fwy ste 100,TX,77802,elementbryanmb2dentalcom,bradley vermeulen,TX0025,MB2 Dental | 19712,21961,element dental bryan,Vendor_-_MB2_Master_Office_List_4-1-2025.xlsx,2025-06-14 19:36:31
1.0,0.0,1.0,0.0,2.0,element dental orthodontics conroe,1403 n loop 336 west ste c,TX,77304,elementconroemb2dentalcom,eric flesher,TX0026,MB2 Dental | 19712,24162,element dental conroe,Vendor_-_MB2_Master_Office_List_4-1-2025.xlsx,2025-06-14 19:36:31
1.0,0.0,1.0,0.0,2.0,element dental orthodontics humble,9490 fm 1960 bypass rd w ste 700,TX,77338,elementhumblemb2dentalcom,eric flesher tanya rachan,TX0027,MB2 Dental | 19712,23259,element dental humble,Vendor_-_MB2_Master_Office_List_4-1-2025.xlsx,2025-06-14 19:36:31
1.0,0.0,1.0,0.0,2.0,element dental orthodontics huntsville,245 interstate 45 s suite d,TX,77340,elementhuntsvillemb2dentalcom,bradley vermeulen,TX0028,MB2 Dental | 19712,21958,element dental huntsville,Vendor_-_MB2_Master_Office_List_4-1-2025.xlsx,2025-06-14 19:36:31
1.0,1.0,1.0,0.0,3.0,element dental orthodontics lufkin,103 n brentwood ste 400,TX,75901,elementlufkinmb2dentalcom,tiffany gillum,TX0029,MB2 Dental | 19712,23584,element dental lufkin,Vendor_-_MB2_Master_Office_List_4-1-2025.xlsx,2025-06-14 19:36:31
1.0,0.0,1.0,0.0,2.0,element dental orthodontics spring,19507 i 45 suite 522,TX,77388,elementspringmb2dentalcom,eric flesher tanya rachan,TX0030,MB2 Dental | 19712,23253,element dental spring,Vendor_-_MB2_Master_Office_List_4-1-2025.xlsx,2025-06-14 19:36:31
1.0,0.0,1.0,0.0,2.0,element dental orthodontics tomball,24179 state hwy 249 ste b,TX,77375,elementtomballmb2dentalcom,tiffany gillum,TX0031,MB2 Dental | 19712,24065,element dental tomball,Vendor_-_MB2_Master_Office_List_4-1-2025.xlsx,2025-06-14 19:36:31
1.0,0.0,1.0,0.0,2.0,ennis family dentistry orthodontics,1011 east ennis ave suite a,TX,75119,ennisdentalmb2dentalcom,rahul joshi,TX0032,MB2 Dental | 19712,24730,ennis family dentistry orthodontics,Vendor_-_MB2_Master_Office_List_4-1-2025.xlsx,2025-06-14 19:36:31
1.0,0.0,1.0,0.0,2.0,fresh dental orthodontics longview,3052 n eastman road ste 108,TX,75605,freshlongviewmb2dentalcom,alan anderson,TX0033,MB2 Dental | 19712,24427,fresh dental longview,Vendor_-_MB2_Master_Office_List_4-1-2025.xlsx,2025-06-14 19:36:31
1.0,0.0,1.0,0.0,2.0,fresh dental orthodontics south tyler,8942 s broadway ave suite 128,TX,75703,freshsouthtylermb2dentalcom,alan anderson,TX0034,MB2 Dental | 19712,24437,fresh dental south tyler,Vendor_-_MB2_Master_Office_List_4-1-2025.xlsx,2025-06-14 19:36:31
1.0,0.0,1.0,0.0,2.0,fresh dental orthodontics tyler,3873 hwy 64 w,TX,75704,freshtylermb2dentalcom,alan anderson,TX0035,MB2 Dental | 19712,21181,fresh dental tyler64,Vendor_-_MB2_Master_Office_List_4-1-2025.xlsx,2025-06-14 19:36:31
1.0,0.0,1.0,0.0,2.0,gulfside dental orthodontics beaumont,4179 dowlen road,TX,77706,gulfsidedentalmb2dentalcom,ashley demarco,TX0037,MB2 Dental | 19712,19771,gulfside dental beaumont,Vendor_-_MB2_Master_Office_List_4-1-2025.xlsx,2025-06-14 19:36:31
1.0,0.0,1.0,0.0,2.0,gulfside dental orthodontics galveston,6026 seawall blvd suite b,TX,77551,gulfsidegalvestonmb2dentalcom,jacquetta davis,TX0038,MB2 Dental | 19712,24066,gulfside dental galveston,Vendor_-_MB2_Master_Office_List_4-1-2025.xlsx,2025-06-14 19:36:31
1.0,1.0,1.0,0.0,3.0,gulfside dental orthodontics port arthur,2780 hwy 365 suite c,TX,77640,gulfsideportarthurmb2dentalcom,ashley demarco victor ticas,TX0039,MB2 Dental | 19712,24165,gulfside dental port arthur,Vendor_-_MB2_Master_Office_List_4-1-2025.xlsx,2025-06-14 19:36:31
1.0,0.0,1.0,0.0,2.0,legend dental orthodontics austin,2525 w anderson ln bldg 3 ste 300,TX,78757,legendaustinmb2dentalcom,bryan hassler stanley lin,TX0040,MB2 Dental | 19712,24594,legend dental austin,Vendor_-_MB2_Master_Office_List_4-1-2025.xlsx,2025-06-14 19:36:31
1.0,0.0,1.0,0.0,2.0,legend dental orthodontics georgetown,1013 w university ave ste 345,TX,78628,legendgeorgetownmb2dentalcom,bryan hassler,TX0041,MB2 Dental | 19712,24599,legend dental georgetown,Vendor_-_MB2_Master_Office_List_4-1-2025.xlsx,2025-06-14 19:36:31
1.0,0.0,1.0,0.0,2.0,new caney dental and orthodontics,20172 us hwy 59 suite b,TX,77357,newcaneydentalmb2dentalcom,ramin motamedi,TX0043,MB2 Dental | 19712,22301,new caney dental orthodontics,Vendor_-_MB2_Master_Office_List_4-1-2025.xlsx,2025-06-14 19:36:31
1.0,0.0,1.0,0.0,2.0,peppermint dental orthodontics greenville,5601 wesley st suite a,TX,75402,peppermintgreenvillemb2dentalcom,brett bocian,TX0044,MB2 Dental | 19712,24741,peppermint dental greenville,Vendor_-_MB2_Master_Office_List_4-1-2025.xlsx,2025-06-14 19:36:31
1.0,0.0,1.0,0.0,2.0,io dentistry,1616 west hebron parkway suite 100,TX,75010,iodentistrymb2dentalcom,kim ly nguyen,TX0045,MB2 Dental | 19712,24738,io dentistry,Vendor_-_MB2_Master_Office_List_4-1-2025.xlsx,2025-06-14 19:36:31
1.0,1.0,1.0,0.0,3.0,peppermint dental orthodontics mckinney,1739 n central expwy 100,TX,75070,peppermintmckinneymb2dentalcom,mauricio dardano,TX0046,MB2 Dental | 19712,20390,peppermint dental mckinney,Vendor_-_MB2_Master_Office_List_4-1-2025.xlsx,2025-06-14 19:36:31
1.0,0.0,1.0,0.0,2.0,peppermint dental orthodontics rowlett,5701 president george bush hwy ste140,TX,75089,peppermintrowlettmb2dentalcom,mauricio dardano,TX0047,MB2 Dental | 19712,24744,peppermint dental rowlett,Vendor_-_MB2_Master_Office_List_4-1-2025.xlsx,2025-06-14 19:36:31
1.0,0.0,1.0,0.0,2.0,peppermint dental orthodontics sherman,859 northcreek dr,TX,75092,peppermintshermanmb2dentalcom,mauricio dardano,TX0048,MB2 Dental | 19712,20391,peppermint dental orthodontics sherman,Vendor_-_MB2_Master_Office_List_4-1-2025.xlsx,2025-06-14 19:36:31
1.0,0.0,1.0,0.0,2.0,picasso dental orthodontics corsicana,3811 west highway 31 801,TX,75110,picassocorsicanamb2dentalcom,rishank korupolu,TX0049,MB2 Dental | 19712,24756,picasso dental corsicana,Vendor_-_MB2_Master_Office_List_4-1-2025.xlsx,2025-06-14 19:36:31
1.0,0.0,1.0,0.0,2.0,picasso dental orthodontics mansfield,1811 highway 287 n suite 160,TX,76063,picassomansfieldmb2dentalcom,dana tievsky,TX0050,MB2 Dental | 19712,24760,picasso dental mansfield,Vendor_-_MB2_Master_Office_List_4-1-2025.xlsx,2025-06-14 19:36:31
1.0,0.0,1.0,0.0,2.0,picasso dental orthodontics waxahachie,1540 n hwy 77 suite 7,TX,75165,picassowaxahachiemb2dentalcom,rahul joshi,TX0051,MB2 Dental | 19712,24750,picasso dental waxahachie,Vendor_-_MB2_Master_Office_List_4-1-2025.xlsx,2025-06-14 19:36:31
1.0,0.0,1.0,0.0,2.0,republic dental orthodontics pleasanton,2120 w oaklawn rd suite e,TX,78064,republicdentalmb2dentalcom,jesus espino,TX0055,MB2 Dental | 19712,20086,republic dental plesasonton,Vendor_-_MB2_Master_Office_List_4-1-2025.xlsx,2025-06-14 19:36:31
1.0,1.0,1.0,0.0,3.0,saddlebrook dental and orthodontics,905 e hwy 82 120,TX,76240,saddlebrookdentalmb2dentalcom,amatey wensel,TX0056,MB2 Dental | 19712,24440,saddlebrook dental ortho,Vendor_-_MB2_Master_Office_List_4-1-2025.xlsx,2025-06-14 19:36:31
1.0,0.0,1.0,0.0,2.0,sage dental orthodontics baytown,5010 garth road 204,TX,77520,sagebaytownmb2dentalcom,quinton parks,TX0057,MB2 Dental | 19712,24169,sage dental baytown,Vendor_-_MB2_Master_Office_List_4-1-2025.xlsx,2025-06-14 19:36:31
1.0,0.0,1.0,0.0,2.0,sage dental orthodontics deer park,9001 spencer hwy suite j,TX,77571,sagedeerparkmb2dentalcom,noemy ponce,TX0058,MB2 Dental | 19712,24068,sage dental deer park,Vendor_-_MB2_Master_Office_List_4-1-2025.xlsx,2025-06-14 19:36:31
1.0,0.0,1.0,0.0,2.0,sage dental orthodontics pearland,6302 w broadway st suite 150,TX,77581,sagepearlandmb2dentalcom,quinton parks,TX0059,MB2 Dental | 19712,21998,sage dental pearland,Vendor_-_MB2_Master_Office_List_4-1-2025.xlsx,2025-06-14 19:36:31
1.0,0.0,1.0,0.0,2.0,spearmint dental orthodontics princeton,670 w princeton dr suite 600,TX,75407,spearmintprincetonmb2dentalcom,jody gill,TX0060,MB2 Dental | 19712,24747,spearmint dental princeton,Vendor_-_MB2_Master_Office_List_4-1-2025.xlsx,2025-06-14 19:36:31
1.0,1.0,1.0,0.0,3.0,spearmint dental orthodontics wichita falls,3201 lawrence rd suite 375,TX,76308,spearmintwichitafallsmb2dentalcom,james garrett,TX0061,MB2 Dental | 19712,24727,spearmint dental wichita falls,Vendor_-_MB2_Master_Office_List_4-1-2025.xlsx,2025-06-14 19:36:31
1.0,0.0,1.0,0.0,2.0,stonehaven dental orthodontics harker heights,2030 heights dr suite 2,TX,76548,stonehavenhhmb2dentalcom,daniel bowcutt,TX0062,MB2 Dental | 19712,221212,stonehaven dental orthodontics,Vendor_-_MB2_Master_Office_List_4-1-2025.xlsx,2025-06-14 19:36:31
1.0,0.0,1.0,0.0,2.0,stonehaven dental orthodontics waco,824 hewitt drive suite 300,TX,76712,stonehavenwacomb2dentalcom,charles town,TX0063,MB2 Dental | 19712,23382,stonehaven dental waco,Vendor_-_MB2_Master_Office_List_4-1-2025.xlsx,2025-06-14 19:36:31
1.0,0.0,1.0,0.0,2.0,tide dental corpus christi,1312 airline road,TX,78412,tidecorpuschristimb2dentalcom,joel khoo,TX0065,MB2 Dental | 19712,20494,tide dental orthodontics,Vendor_-_MB2_Master_Office_List_4-1-2025.xlsx,2025-06-14 19:36:31
1.0,1.0,1.0,0.0,3.0,cielo dental orthodontics,6351 s desert blvd ste 210,TX,79932,cielodentalmb2dentalcom,johnathan mendoza,TX0067,MB2 Dental | 19712,19793,cielo dental orthodontics,Vendor_-_MB2_Master_Office_List_4-1-2025.xlsx,2025-06-14 19:36:31
1.0,0.0,1.0,0.0,2.0,signature smiles bastrop,715 old austin highway suite 400,TX,78602,signaturesmilesbastropmb2dentalcom,john caldwell,TX0069,MB2 Dental | 19712,22654,signature smiles dentistry orthodontics,Vendor_-_MB2_Master_Office_List_4-1-2025.xlsx,2025-06-14 19:36:31
0.0,1.0,1.0,0.0,2.0,gulfside dental orthodontics bridge city,1860 texas ave,TX,77611,gulfsidebridgecitymb2dentalcom,ashley demarco victor ticas,TX0071,MB2 Dental | 19712,20259,gulfside bridge city,Vendor_-_MB2_Master_Office_List_4-1-2025.xlsx,2025-06-14 19:36:31
1.0,0.0,1.0,0.0,2.0,gulfside dental orthodontics la marque,2600 fm 1764 ste 170,TX,77568,gulfsidelamarquemb2dentalcom,jacquetta davis,TX0072,MB2 Dental | 19712,21126,gulfside dental,Vendor_-_MB2_Master_Office_List_4-1-2025.xlsx,2025-06-14 19:36:31
0.0,1.0,1.0,0.0,2.0,college station family dental orthodontics,11671 fm 2154 suite 400,TX,77845,collegestationdentalmb2dentalcom,victoria slater,TX0073,MB2 Dental | 19712,21955,element dental college station,Vendor_-_MB2_Master_Office_List_4-1-2025.xlsx,2025-06-14 19:36:31
1.0,1.0,1.0,0.0,3.0,blvd dentistry orthodontics richmond,18320 w airport road ste 200,TX,77407,richmondblvddentistrycom,dara abusada,TX0074,MB2 Dental | 19712,23866,blvd dentistry richmond,Vendor_-_MB2_Master_Office_List_4-1-2025.xlsx,2025-06-14 19:36:31
1.0,0.0,1.0,0.0,2.0,blvd dentistry orthodontics spring,21301 kuykendahl rd suite d,TX,77379,blvdspringmb2dentalcom,justin ramsey,TX0075,MB2 Dental | 19712,23868,blvd dentistry orthodontics spring,Vendor_-_MB2_Master_Office_List_4-1-2025.xlsx,2025-06-14 19:36:31
1.0,0.0,1.0,0.0,2.0,abilene dental care north,602 hickory st suite b,TX,79601,abilenedentalnorthmb2dentalcom,lorne wasylucha,TX0078,MB2 Dental | 19712,21185,abilene dental care orthodontics north,Vendor_-_MB2_Master_Office_List_4-1-2025.xlsx,2025-06-14 19:36:31
1.0,0.0,1.0,0.0,2.0,abilene dental care south,4102 buffalo gap road suite f,TX,79605,abilenedentalsouthmb2dentalcom,lorne wayslucha,TX0079,MB2 Dental | 19712,21183,abilene dental care south,Vendor_-_MB2_Master_Office_List_4-1-2025.xlsx,2025-06-14 19:36:31
1.0,1.0,1.0,0.0,3.0,robstown dental,201 e ave j,TX,78380,robstowndentistrymb2dentalcom,purav desai,TX0080,MB2 Dental | 19712,21587,robstown dentistry,Vendor_-_MB2_Master_Office_List_4-1-2025.xlsx,2025-06-14 19:36:31
1.0,0.0,1.0,0.0,2.0,blanco dental center orthodontics,2222 n hwy 281,TX,78606,blancodentalcentermb2dentalcom,justin crockett,TX0081,MB2 Dental | 19712,20535,blanco dental center,Vendor_-_MB2_Master_Office_List_4-1-2025.xlsx,2025-06-14 19:36:31
1.0,0.0,1.0,0.0,2.0,blvd dentistry orthodontics fifth street,1011 w 5th st suite 120,TX,78703,blvd5thstreetmb2dentalcom,andrew cummings,TX0083,MB2 Dental | 19712,20531,blvd dentistry orthodontics 5th street,Vendor_-_MB2_Master_Office_List_4-1-2025.xlsx,2025-06-14 19:36:31
1.0,0.0,1.0,0.0,2.0,the croc doc,7878 gateway east blvd suite 100,TX,79915,thecrocdocmb2dentalcom,todd parco amir aghili,TX0084,MB2 Dental | 19712,19757,the croc doc dentistry just for kids,Vendor_-_MB2_Master_Office_List_4-1-2025.xlsx,2025-06-14 19:36:31
1.0,0.0,1.0,0.0,2.0,melissa dental orthodontics,2302 sam rayburn highway suite 100,TX,75454,melissadentalmb2dentalcom,winston allen,TX0088,MB2 Dental | 19712,20457,melissa dental orthodontics,Vendor_-_MB2_Master_Office_List_4-1-2025.xlsx,2025-06-14 19:36:31
1.0,0.0,1.0,0.0,2.0,dental group of amarillo hillside,7649 hillside dr suite 100,TX,79119,dgahillsidemb2dentalcom,scott dowlearn blaine wieck,TX0090,MB2 Dental | 19712,21330,dental group of amarillo hillside,Vendor_-_MB2_Master_Office_List_4-1-2025.xlsx,2025-06-14 19:36:31
1.0,0.0,1.0,0.0,2.0,dental group of amarillo ravenwood,6601 ravenwood court,TX,79124,dgatascosamb2dentalcom,kevin king scott dowlearn blaine wieck,TX0091,MB2 Dental | 19712,67147,dental group of amarillo,Vendor_-_MB2_Master_Office_List_4-1-2025.xlsx,2025-06-14 19:36:31
1.0,0.0,1.0,0.0,2.0,river rock dental east,1801 e 51st st suite 390,TX,78723,riverrockmuellermb2dentalcom,daniel im,TX0092,MB2 Dental | 19712,21632,river rock dental,Vendor_-_MB2_Master_Office_List_4-1-2025.xlsx,2025-06-14 19:36:31
1.0,0.0,1.0,0.0,2.0,river rock dental riverside,4410 e riverside dr suite 150,TX,78741,riverrockriversidemb2dentalcom,erik klintmalm,TX0093,MB2 Dental | 19712,21636,river rock dental,Vendor_-_MB2_Master_Office_List_4-1-2025.xlsx,2025-06-14 19:36:31
1.0,0.0,1.0,0.0,2.0,river rock dental southpark,9500 south ih 35 ste e 400,TX,78748,riverrocksouthparkmb2dentalcom,erik klintmalm,TX0095,MB2 Dental | 19712,21637,river rock dental,Vendor_-_MB2_Master_Office_List_4-1-2025.xlsx,2025-06-14 19:36:31
1.0,0.0,1.0,0.0,2.0,just for kids dentistry,7700 eldorado pkwy 200,TX,75070,justforkidsmb2dentalcom,adam preece,TX0097,MB2 Dental | 19712,22592,just for kids dentistry,Vendor_-_MB2_Master_Office_List_4-1-2025.xlsx,2025-06-14 19:36:31
1.0,0.0,1.0,0.0,2.0,mabank dental orthodontics,302 north 3rd st,TX,75147,mabankdentalmb2dentalcom,frederique faucheu rishank korupolu,TX0098,MB2 Dental | 19712,23019,mabank dental orthodontics,Vendor_-_MB2_Master_Office_List_4-1-2025.xlsx,2025-06-14 19:36:31
1.0,0.0,1.0,0.0,2.0,westlakes family dental,9522 potranco rd,TX,78251,westlakesfamilydentalmb2dentalcom,kerry nelson,TX0099,MB2 Dental | 19712,23023,westlakes family dental,Vendor_-_MB2_Master_Office_List_4-1-2025.xlsx,2025-06-14 19:36:31
1.0,0.0,1.0,0.0,2.0,trinity oaks family dental and orthodontics,2721 w heritage trace pkwy,TX,76177,trinityoaksmb2dentalcom,cody brown,TX0100,MB2 Dental | 19712,20458,trinity oaks family dentistry ortho,Vendor_-_MB2_Master_Office_List_4-1-2025.xlsx,2025-06-14 19:36:31
1.0,0.0,1.0,0.0,2.0,mont belvieu dental orthodontics,9205 eagle dr suite 100,TX,77580,montbelvieumb2dentalcom,bradley vermeulen,TX0101,MB2 Dental | 19712,22166,mont belvieu dental orthodontics,Vendor_-_MB2_Master_Office_List_4-1-2025.xlsx,2025-06-14 19:36:31
1.0,1.0,1.0,0.0,3.0,serenity dental spring,2203 spring stuebner rd ste 400,TX,77389,serenityspringmb2dentalcom,john swartout,TX0102,MB2 Dental | 19712,217489,serenity dental,Vendor_-_MB2_Master_Office_List_4-1-2025.xlsx,2025-06-14 19:36:31
1.0,1.0,1.0,0.0,3.0,serenity dental magnolia,4849 farm to market rd 1488 ste 800,TX,77354,serenitymagnoliamb2dentalcom,ming xu,TX0103,MB2 Dental | 19712,144586,serenity dental magnolia,Vendor_-_MB2_Master_Office_List_4-1-2025.xlsx,2025-06-14 19:36:31
1.0,0.0,1.0,0.0,2.0,dental group orthodontics amarillo,4000 sw 34th ave b,TX,79109,dgorthomb2dentalcom,kevin king troy moore scott dowlearn blaine wieck,TX0106,MB2 Dental | 19712,24286,dental group orthodontics,Vendor_-_MB2_Master_Office_List_4-1-2025.xlsx,2025-06-14 19:36:31
1.0,0.0,1.0,0.0,2.0,denton smiles dentistry,721 i 35e 206,TX,76205,dentonsmilesmb2dentalcom,glenn vo susan vo,TX0115,MB2 Dental | 19712,181805,denton smiles dentistry,Vendor_-_MB2_Master_Office_List_4-1-2025.xlsx,2025-06-14 19:36:31
1.0,0.0,1.0,0.0,2.0,stephens and gatewood dentistry cypress,6315 cypresswood dr,TX,77379,sgcwmb2dentalcom,jack stephens robert gatewood,TX0116,MB2 Dental | 19712,22410,stephens gatewood dentistry,Vendor_-_MB2_Master_Office_List_4-1-2025.xlsx,2025-06-14 19:36:31
1.0,0.0,1.0,0.0,2.0,archstone dental orthodontics aledo,103 willow bend dr ste 100,TX,76008,archstonealedomb2dentalcom,dana tievsky,TX0123,MB2 Dental | 19712,21494,archstone dental aledo,Vendor_-_MB2_Master_Office_List_4-1-2025.xlsx,2025-06-14 19:36:31
1.0,0.0,1.0,0.0,2.0,dental group of canyon canyon,710 23rd st ste300,TX,79015,,kevin king troy moore blaine wieck amy stephenson,TX0124,MB2 Dental | 19712,228337,dental group of canyon,Vendor_-_MB2_Master_Office_List_4-1-2025.xlsx,2025-06-14 19:36:31
1.0,0.0,1.0,0.0,2.0,stonehaven dental orthodontics burleson,225 e renfro st 109,TX,76028,stonehavenburlesonmb2dentalcom,charles town,TX0125,MB2 Dental | 19712,23525,stonehaven dental burleson,Vendor_-_MB2_Master_Office_List_4-1-2025.xlsx,2025-06-14 19:36:31
1.0,0.0,1.0,1.0,3.0,helotes family dentistry,12415 bandera rd,TX,78023,helotesfamilymb2dentalcom,tracie correa,TX0127,MB2 Dental | 19712,257550,helotes family dentistry,Vendor_-_MB2_Master_Office_List_4-1-2025.xlsx,2025-06-14 19:36:31
1.0,0.0,1.0,0.0,2.0,advanced dental care of hutto,401 ed schmidt blvd ste 100,TX,78634,adchuttomb2dentalcom,chad brown thi tran,TX0130,MB2 Dental | 19712,68148,advanced dental care of hutto,Vendor_-_MB2_Master_Office_List_4-1-2025.xlsx,2025-06-14 19:36:31
1.0,0.0,1.0,0.0,2.0,matthews dai pediatric dentistry orthodontics,20423 kuykendahl rd ste 600,TX,77379,mattdaimb2dentalcom,minyue rachel dai,TX0135,MB2 Dental | 19712,24505,matthews and dai pediatric dentistry and orthodontics,Vendor_-_MB2_Master_Office_List_4-1-2025.xlsx,2025-06-14 19:36:31
1.0,0.0,1.0,0.0,2.0,rowlett dental associates,4518 rowlett rd,TX,75088,rowlettdentalmb2dentalcom,keane fedosky tera pollock,TX0138,MB2 Dental | 19712,24768,rowlett dental associates,Vendor_-_MB2_Master_Office_List_4-1-2025.xlsx,2025-06-14 19:36:31
1.0,0.0,1.0,0.0,2.0,110 dental orthodontics,308 tx 110 n,TX,75791,110dentalmb2dentalcom,alan anderson trevor wortley,TX0139,MB2 Dental | 19712,23586,110 dental orthodontics,Vendor_-_MB2_Master_Office_List_4-1-2025.xlsx,2025-06-14 19:36:31
1.0,1.0,1.0,0.0,3.0,auburn lakes orthodontics of the woodlands,6922 w rayford rd ste 350,TX,77389,auburnlakesorthomb2dentalcom,jack stephens robert gatewood blake sherrick rachel dai,TX0141,MB2 Dental | 19712,22572,auburn lakes orthodontics,Vendor_-_MB2_Master_Office_List_4-1-2025.xlsx,2025-06-14 19:36:31
1.0,0.0,1.0,1.0,3.0,rxsmile,6801 warren parkway 121,TX,75034,rxsmilemb2dentalcom,greg greenberg jan ortiz,TX0144,MB2 Dental | 19712,22833,rxsmile orthodontics,Vendor_-_MB2_Master_Office_List_4-1-2025.xlsx,2025-06-14 19:36:31
1.0,0.0,1.0,1.0,3.0,campbell crossing dentistry,1204 thomasville ct,TX,75044,campbellcrossingmb2dentalcom,thomas reed,TX0145,MB2 Dental | 19712,21062,campbell crossing dentistry,Vendor_-_MB2_Master_Office_List_4-1-2025.xlsx,2025-06-14 19:36:31
1.0,0.0,1.0,0.0,2.0,walnut central orthodontics,9669 n central expy 105,TX,75231,walnutcentralmb2dentalcom,joshika kanabar,TX0147,MB2 Dental | 19712,22706,walnut central orthodontics,Vendor_-_MB2_Master_Office_List_4-1-2025.xlsx,2025-06-14 19:36:31
1.0,0.0,1.0,1.0,3.0,hildebrand orthodontics,2200 interstate 20 w 100,TX,76017,hildebrandorthomb2dentalcom,jed hildebrand,TX0148,MB2 Dental | 19712,23649,hildebrand orthodontics,Vendor_-_MB2_Master_Office_List_4-1-2025.xlsx,2025-06-14 19:36:31
1.0,0.0,1.0,0.0,2.0,briq dental orthodontics,2301 commerce street ste 100,TX,77002,briqmb2dentalcom,natalie carrizales,TX0149,MB2 Dental | 19712,22316,briq dental orthodontics,Vendor_-_MB2_Master_Office_List_4-1-2025.xlsx,2025-06-14 19:36:31
1.0,0.0,1.0,1.0,3.0,aces of braces,501 gulf fwy 106,TX,77573,acesofbracesmb2dentalcom,karim allahdina,TX0150,MB2 Dental | 19712,20006,aces of braces,Vendor_-_MB2_Master_Office_List_4-1-2025.xlsx,2025-06-14 19:36:31
1.0,0.0,1.0,1.0,3.0,smile design orthodontics,13310 beamer rd suite f,TX,77089,smiledesignorthomb2dentalcom,karim allahdina,TX0151,MB2 Dental | 19712,20005,smile design orthodontics,Vendor_-_MB2_Master_Office_List_4-1-2025.xlsx,2025-06-14 19:36:31
1.0,0.0,1.0,1.0,3.0,old settlers dental,119 e old settlers blvd,TX,78664,oldsettlersdentalmb2dentalcom,fredrick lewcock john zavala,TX0158,MB2 Dental | 19712,24315,old settlers dental,Vendor_-_MB2_Master_Office_List_4-1-2025.xlsx,2025-06-14 19:36:31
1.0,0.0,1.0,0.0,2.0,austin orthodontics arts,5718 balcones dr,TX,78731,austinorthoartsmb2dentalcom,kaveh najibfard,TX0159,MB2 Dental | 19712,22899,austin orthodontic arts,Vendor_-_MB2_Master_Office_List_4-1-2025.xlsx,2025-06-14 19:36:31
1.0,0.0,1.0,1.0,3.0,prosper smile studio,900 s preston rd suite 70,TX,75078,prospermb2dentalcom,adrian bertulfo,TX0161,MB2 Dental | 19712,20423,prosper smile studio,Vendor_-_MB2_Master_Office_List_4-1-2025.xlsx,2025-06-14 19:36:31
1.0,0.0,1.0,1.0,3.0,dallas orthodontics,8510 abrams rd 508,TX,75234,dallasorthomb2dentalcom,benito benitez,TX0163,MB2 Dental | 19712,20401,dallas orthodontics,Vendor_-_MB2_Master_Office_List_4-1-2025.xlsx,2025-06-14 19:36:31
1.0,0.0,1.0,1.0,3.0,tolleson orthodontics,1050 e state hwy 114 120,TX,76092,tollesonorthomb2dentalcom,shane tolleson,TX0168,MB2 Dental | 19712,22586,tolleson orthodontics,Vendor_-_MB2_Master_Office_List_4-1-2025.xlsx,2025-06-14 19:36:31
1.0,0.0,1.0,1.0,3.0,solomon orthodontics kileen,3006 s ws young dr,TX,76542,solomonkilleenmb2dentalcom,michael solomon,TX0170,MB2 Dental | 19712,22817,solomon orthodontics,Vendor_-_MB2_Master_Office_List_4-1-2025.xlsx,2025-06-14 19:36:31
1.0,0.0,0.0,1.0,2.0,solomon orthodontics salado,485 thomas arnold rd,TX,76571,solomonsaladomb2dentalcom,michael solomon,TX0171,MB2 Dental | 19712,22817,solomon orthodontics,Vendor_-_MB2_Master_Office_List_4-1-2025.xlsx,2025-06-14 19:36:31
1.0,0.0,1.0,1.0,3.0,spearmint kids dental orthodontics wichita falls,4111 southwest pkwy 500,TX,76308,spearmintkidsmb2dentalcom,james garrett,TX0175,MB2 Dental | 19712,23100,spearmint kids,Vendor_-_MB2_Master_Office_List_4-1-2025.xlsx,2025-06-14 19:36:31
1.0,1.0,1.0,0.0,3.0,lonestar dental group,5800 coit rd suite 800,TX,75023,lonestardentalmb2dentalcom,jason montgomery nicole sivie montgomery,TX0178,MB2 Dental | 19712,22927,lonestar dental group,Vendor_-_MB2_Master_Office_List_4-1-2025.xlsx,2025-06-14 19:36:31
1.0,0.0,1.0,1.0,3.0,pasadena family dentistry,3602 vista rd suite h,TX,77504,pasadenafdmb2dentalcom,kimber holmes erica revel raymond lowery,TX0179,MB2 Dental | 19712,23687,pasadena family dentistry,Vendor_-_MB2_Master_Office_List_4-1-2025.xlsx,2025-06-14 19:36:31
0.0,0.0,1.0,1.0,2.0,grin pediatric dentistry plano,6225 chapel hill blvd,TX,75093,grinpedomb2dentalcom,bryan elvebak patrick ryan,TX0186,MB2 Dental | 19712,21666,elvebak orthodontics,Vendor_-_MB2_Master_Office_List_4-1-2025.xlsx,2025-06-14 19:36:31
1.0,0.0,1.0,1.0,3.0,elvebak orthodontics plano,6225 chapel hill blvd,TX,75093,elvebakorthomb2dentalcom,bryan elvebak patrick ryan,TX0187,MB2 Dental | 19712,21666,elvebak orthodontics,Vendor_-_MB2_Master_Office_List_4-1-2025.xlsx,2025-06-14 19:36:31
1.0,0.0,0.0,1.0,2.0,elvebak orthodontics dallas,17300 preston rd suite 150,TX,75252,elvebakorthomb2dentalcom,bryan elvebak patrick ryan,TX0189,MB2 Dental | 19712,21666,elvebak orthodontics,Vendor_-_MB2_Master_Office_List_4-1-2025.xlsx,2025-06-14 19:36:31
1.0,1.0,1.0,0.0,3.0,crossroads dental of victoria,104 broadmoor st 400,TX,77904,crossroadsvictoriamb2dentalcom,matthew simmons,TX0190,MB2 Dental | 19712,36112,crossroads dental of victoria,Vendor_-_MB2_Master_Office_List_4-1-2025.xlsx,2025-06-14 19:36:31
1.0,0.0,1.0,0.0,2.0,shenandoah family dentistry,1705 amherst st 102,VA,22601,shenandoahfamilydentistrymb2dentalcom,jared pell,VA0001,MB2 Dental | 19712,124281,shenandoah valley orthodontics,Vendor_-_MB2_Master_Office_List_4-1-2025.xlsx,2025-06-14 19:36:31
1.0,0.0,1.0,0.0,2.0,lake ridge endodontics,12510 lake ridge dr suite c,VA,22192,lakeridgeendomb2dentalcom,todd wynkoop,VA0006,MB2 Dental | 19712,185808,lake ridge dental partners,Vendor_-_MB2_Master_Office_List_4-1-2025.xlsx,2025-06-14 19:36:31
1.0,0.0,1.0,0.0,2.0,gainesville pediatric dentistry,13555 wellington center circle suite 105,VA,20155,gainesvillemb2dentalcom,rhea davisarshia shingler,VA0009,MB2 Dental | 19712,261600,gainesville pediatric dentistry,Vendor_-_MB2_Master_Office_List_4-1-2025.xlsx,2025-06-14 19:36:31
1.0,0.0,1.0,0.0,2.0,northwest family dental care,27081 185th ave se ste b 105,WA,98042,nwdentalmb2dentalcom,ryan hanks,WA0002,MB2 Dental | 19712,23395,northwest family dental,Vendor_-_MB2_Master_Office_List_4-1-2025.xlsx,2025-06-14 19:36:31
1.0,1.0,1.0,0.0,3.0,tingey orthodontics,22516 se 64th pl ste 110,WA,98027,tingeyorthomb2dentalcom,erin mackay tingey,WA0006,MB2 Dental | 19712,22565,tingey orthodontics,Vendor_-_MB2_Master_Office_List_4-1-2025.xlsx,2025-06-14 19:36:31
